title,url
若手・学生サーバーサイドエンジニアLT会で登壇した話,https://shundeveloper.hatenablog.com/entry/20240120
初心者向け 登壇するためのTips,https://shundeveloper.hatenablog.com/entry/2023_advent
入社エントリ: PR TIMES,https://shundeveloper.hatenablog.com/entry/entry_prtimes
もみじ饅頭は揚げたてがうまい,https://shundeveloper.hatenablog.com/entry/2024/02/13/010756
YAPC::Kyoto 2023 ベストLT賞をいただいた話,https://shundeveloper.hatenablog.com/entry/2023/03/21/135437
PHPerKaigiに参加してきました,https://shundeveloper.hatenablog.com/entry/phperkaigi_2023?_ga=2.3977136.1644655810.1682752716-479239798.1680491954
PHPerKaigiに参加してきました,https://shundeveloper.hatenablog.com/entry/phperkaigi_2023
PHP Conference Japan 2023に参加してきました,https://shundeveloper.hatenablog.com/entry/2023/10/08/180751
ISUCON夏祭りに参加しました！！,https://shundeveloper.hatenablog.com/entry/isucon_summer_fes_2023
Fastly Yamagoya 2023に参加しました！,https://shundeveloper.hatenablog.com/entry/fastly_yamagoya2023
 [Ya8参戦記] 終電は家の近くまで行ければセーフ【西武線に気をつけろ】,https://shundeveloper.hatenablog.com/entry/ya8_2024
